date,job_type,job,company,city,country
2022-09-22,external,"Sr. Project Manager - Smart Buildings / Automation - Tampa, FL",Siemens,Tampa,FL
2022-08-22,external,Full Stack Developer (m/f/d) - Quality Execution,Siemens,Koblenz,Germany
2022-09-14,external,Sr. Process Associate - Purchase to Pay,Siemens,Bangalore,India
2022-08-22,external,IIoT Product Marketing Manager,Siemens,Plano,TX
2022-08-22,external,PLM Services Consultant REMOTE,Siemens,Rochester,NY
2022-08-22,external,Smart visuals - Business graphics,Siemens,Prague,Czech Republic
2022-09-24,external,Automation Digital Deployment Specialist I,Siemens,Edmonton,Canada
2022-08-27,external,Engineering Development Program (Mobility),Siemens,Mckeesport,PA
2022-08-22,external,IT Support Technician - Smart Buildings,Siemens,Detroit,MI
2022-08-22,external,IT Operations Project Manager,Siemens,Abilene,TX
2022-08-24,external,"System Technician - Smart Buildings/Fire Alarm - Level II -Columbus, OH",Siemens,Worthington,OH
2022-08-22,external,Director of Program Management,Siemens,Blue Ash,OH
2022-08-22,external,Buyer / Strategic Buyer - EMEA,Siemens,Katowice,Poland
2022-09-16,external,Carrier Sales Representative - Chicago Q1 2023,Echo Global Logistics,Chicago,IL
2022-08-22,external,Senior Servicetechniker (w/m/d) Brandmeldeanlagen Offshore & Onshore,Siemens,Bayreuth,Germany
2022-09-21,external,Junior Penetration Tester (w/m/d),Siemens,Munich,Germany
2022-09-23,external,Solutions Coordinator,Siemens,Calgary,Canada
2022-08-22,external,Responsable revendeurs machine outil H/F,Siemens,Argentan,France
2022-08-31,external,Anlagenelektroniker* in (w/m/d) f√ºr Instandhaltung,Siemens,Regensburg,Germany
2022-09-22,external,Project Manager - Train Planning & Disposition Systems (m/f/d),Siemens,Coimbra,Portugal
