publication_date,job_type,job,company,city,country
2022-05-05,external,Werkstudent (m/w/d) im Bereich Marketing und Communication,Siemens,Konstanz, Germany
2022-05-05,external,PLM Services Consultant REMOTE,Siemens,Hartford, CT
2022-05-31,external,Full Stack Web Developer - Angular/TypeScript/Java/SpringCloud,Siemens,Bangalore, India
2022-05-05,external,Surface Preparation Software Engineer,Siemens,Lebanon, NH
2022-05-05,external,Industrial IT / MES Engineer (m/f/x),Siemens,Brussels, Belgium
2022-05-25,external,Integration/DevOps Engineer,Siemens,Bangalore, India
2022-06-21,external,Werkstudent*in (w/m/d) Talent Acquisition mit Fokus Recruiting,Siemens,Dusseldorf, Germany
2022-05-05,external,Sr. Application Engineer - AMS,Siemens,Seongnam-si, South Korea
2022-06-23,external,Werkstudent*in (w/m/d) Data Process Consulting,Siemens,Berlin, Germany
2022-06-03,external,Junior Consultant Motion Control,Siemens,The Hague, Netherlands
2022-06-17,external,Product Management Chief of Staff,Siemens,Phoenix, AZ
2022-05-05,external,Fremdfirmenkoordinator / Site Installation Engineer (m/w/d) für Siemens Parcel Logistics GmbH,Siemens,Nürnberg, Germany
2022-06-17,external,Automation Sales Support Intern,Siemens,Doha, Qatar
2022-05-05,external,Senior System Manager (w/m/d) Bahnkommunikationssysteme,Siemens,Berlin, Germany
2022-05-05,external,Federal Business Development Manager - Southwest Zone - Smart Buildings - Remote,Siemens,Irving, TX
2022-05-05,external,Zámečník kolejových vozidel,Siemens,Prague, Czech Republic
2022-06-15,external,Mobile App Developer,Siemens,Chicago, IL
2022-05-16,external,Technical Writer,Siemens,Noida, India
2022-05-24,external,"Full Stack Software Developer-C#,.Net,Angular,Azure",Siemens,Bangalore, India
2022-05-31,external,Software Test Engineer (m/f/d),Siemens,Viseu, Portugal
